delta,EKF,UKF,CKF,IDEKF
0.1,0.17914123474415672,0.17914123473907273,0.17914123473907273,0.17914123474415672
0.3,0.19617361936923908,0.19617361936356412,0.19617361936356412,0.19617361936923908
0.5,0.2289718376608672,0.22897183765491144,0.22897183765491144,0.2289718376608672
