delta,EKF,UKF,CKF,IDEKF
0.1,0.11733683919007203,0.1380811207904186,0.13744067778146252,0.117336839190072
0.2,0.13060947028550438,0.15008563090205368,0.14979245406356193,0.13060947028550435
0.3,0.15886695169753492,0.17772561435967654,0.17760854652087785,0.15886695169753492
0.4,0.1821675015067176,0.19150408299654748,0.1914429646610758,0.18216750150671765
0.5,0.06438024619340176,0.06857952398049502,0.06858055416423256,0.06438024619340176
