delta,EKF,UKF,CKF
0.1,0.00023139626731330176,0.0002313962719354493,0.0002313962719354494
0.2,0.00021843168398354517,0.0002184316883467248,0.0002184316883467248
0.3,0.0002502479342044516,0.00025024793920316174,0.00025024793920316174
0.4,0.0002596716214959782,0.00025967162668292685,0.0002596716266829269
0.5,9.063732015422364e-05,9.063732196470696e-05,9.063732196470704e-05
0.1,0.000231396268352543,0.00023139627297469057,0.00023139627297469063,0.00023139626835254348
0.2,0.0002184316830682816,0.00021843168743146122,0.0002184316874314612,0.00021843168306828205
0.3,0.0002502479343806971,0.00025024793937940726,0.0002502479393794072,0.00025024793438069775
0.4,0.00025967162149292055,0.0002596716266798692,0.0002596716266798692,0.00025967162149292055
0.5,9.063732014616772e-05,9.063732195665103e-05,9.0637321956651e-05,9.063732014616773e-05
