delta,EKF,UKF,CKF
0.1,0.00023139626731330176,0.0002313962719354493,0.0002313962719354494
0.2,0.00021843168398354517,0.0002184316883467248,0.0002184316883467248
0.3,0.0002502479342044516,0.00025024793920316174,0.00025024793920316174
0.4,0.0002596716214959782,0.00025967162668292685,0.0002596716266829269
0.5,9.063732015422364e-05,9.063732196470696e-05,9.063732196470704e-05
