delta,EKF,UKF,CKF,IDEKF
0.1,0.10551365842934494,0.15939055470598612,0.15939055470591168,0.10551365842934508
0.3,0.1292610467648443,0.17060881250888776,0.17060881250889862,0.12926104676484534
0.5,0.2013351648326177,0.24544825253794447,0.24544825253794345,0.20133516483261768
