delta,EKF,UKF,CKF,IDEKF
0.1,0.08407445507968668,0.1361460263573042,0.13614602635728246,0.08407454595449558
0.2,0.11680939201569578,0.1478894803487335,0.14788948034873597,0.11680946787641955
0.3,0.13172790583122465,0.17809880861428173,0.17809880861428556,0.13172809380442385
0.4,0.1550413870457816,0.18992116872819886,0.18992116872820827,0.1550415120289826
0.5,0.055325055343314,0.06759144732429888,0.06759144732431009,0.055325118530060564
