delta,EKF,UKF,CKF,IDEKF
0.8,0.11336075604621941,1.316072750775341,1.3160722609921685,0.11337624662765781
