delta,EKF,UKF,CKF,IDEKF
0.1,0.03613583680437739,1.8227034499796093,1.8227141196257497,0.03613489027452675
0.2,2.6381491526687704,1.1232975188632006,1.9134792317165854,2.637075509298959
0.3,0.11907446730560386,1.8671043434818804,1.8671413461699273,0.11907529726498237
0.4,0.10888492447779459,1.2394550741978632,1.2396835255038483,0.10881638136779292
0.5,2.370351673935808,2.132317736348201,2.128085615864924,2.3704001845593847
