delta,EKF,UKF,CKF,IDEKF
1.0,0.0744976156951179,2.0358837597478554,50180.62775636372,0.0744488155638475
