delta,EKF,IDEKF
0.1,0.7775107016337102,0.872959186022596
0.2,1.6723876377458993,1.6723206031611393
0.3,0.07470451204495933,0.0789558926066791
0.4,2.5807236746367903,3.3305392251332995
0.5,0.5429616695256305,0.543546801462744
0.6,0.10655748004657155,0.1091475545127211
0.7,0.0850969330876344,0.08546181022569396
0.8,0.13204196365012186,0.1320154091037424
0.9,0.09286132201864492,0.09285240345138954
1.0,0.09413924257476317,0.09412926741896757
