delta,EKF,UKF,CKF,IDEKF
0.6,0.07411007563609119,1.619720750747457,1.7965687387821714,0.07382873981966838
