delta,EKF,UKF,CKF,IDEKF
0.6,0.09596143970275138,1.4400322796851666,1.4697912783243763,0.09617314422668623
