delta,EKF,UKF,CKF,IDEKF,sigma
0.5,0.0028904419207460446,2.1586587191733573,4803676.825868825,0.0028906423397959593,0.01
0.5,2.8943685310220204e-05,1.8151444963337955,1.8150479921723561,2.8945034180606657e-05,0.0001
