delta,EKF,UKF,CKF,IDEKF
0.1,0.05005774510620252,1.2201141840078245,5638650.716699168,0.050058397777197304
