delta,EKF,UKF,CKF,IDEKF,sigma
0.1,7.344327840229827e-05,0.7035445782103709,0.707317298107606,7.318179612972045e-05,0.0001
