delta,EKF,UKF,CKF,IDEKF
0.9,0.07263762930934772,2.1847821210230522,2.1847828713104076,0.07263716731031546
