delta,EKF,UKF,CKF,IDEKF
0.1,0.08226740000788145,0.10270724264660312,0.10270724264655003,0.08226740000788067
0.3,2.2295777559508587,0.7407993495892448,0.7407993495694587,2.2295781134998993
0.5,0.7559640914114717,1.5732536303047253,1.5732536386889115,0.7559640913681922
