delta,EKF,UKF,CKF,IDEKF
0.1,0.08226740000788145,0.10270724264660312,0.10270724264655003,0.08226729708942461
0.2,0.09728930669629683,0.8685677210997316,0.8685679523503037,0.09728938919527597
0.3,18.51312450227486,3.7983556572857586,3.798356363294276,18.511734871403863
