delta,EKF,IDEKF
0.1,1.4733246370800877,1.0301950450441908
0.2,2.091882067419209,1.6312644428645036
0.3,1.8809204712577883,0.6319538152347911
0.4,3.0464031729068184,2.4904043289583924
0.5,1.7983502143879073,1.0921316689480043
0.6,2.9517888102834946,0.8438932851420182
0.7,1.1708950685138044,1.2254726986800375
0.8,4.535124740470141,3.799170195980551
0.9,3.1496952058587406,1.8113886220531201
1.0,2.3114940275992195,1.8236642134503518
